캐릭터,스킬,항목,변경전,변경후,패치버전
가격 인하,,비형의 A-Coin 구매 가격,"9,900","8,020개",11.3
가격 인하,,샬럿의 A-Coin 구매 가격,"4,340","2,140개",11.3
나딘,,석궁 무기 숙련도 레벨 당 공격 속도,2.8%,3.4%,11.3
니키,다혈질(P),피해량,30/70/110(+스킬 증폭의 35%),60/85/110(+스킬 증폭의 35%),11.3
니키,다혈질(P),공격 속도 증가,30/40/50%,40/45/50%,11.3
니키,강력한 펀치(E),피해량,60/95/130/165/200(+스킬 증폭의 90%),60/95/130/165/200(+스킬 증폭의 95%),11.3
다르코,수금(W),보호막량,50/75/100/125/150(+공격력의 55%),50/90/130/170/210(+공격력의 55%),11.3
라우라,,채찍 무기 숙련도 레벨 당 스킬 증폭,4%,4.1%,11.3
라우라,,기본 이동 속도,3.45,3.5,11.3
레니,,기본 방어력,52,50,11.3
레니,에어 호른! 건(E),기절 지속 시간,0.6초,0.5초,11.3
레온,인간 어뢰(P),이동 속도 증가,12/18/24%,16/22/28%,11.3
로지,스핀샷(W),방어력 감소,11/12/13/14/15%,8/9/10/11/12%,11.3
마이,익스클루시브(R),사거리,5m,5.5m,11.3
마이,익스클루시브(R),체력 회복량,50/100/150(+스킬 증폭의 35%)(+대상 잃은 체력의 10%),50/100/150(+스킬 증폭의 35%)(+대상 잃은 체력의 15%),11.3
블레어,,쌍날검,"1, 2타 피해량 40/65/90/115/140(+공격력의 80%)",40/65/90/115/140(+공격력의 75%),11.3
비형,도깨비 불(P),피해량,16/32/48(+추가 공격력의 40%)(+대상 최대 체력의 1/2/3%),16/24/32(+추가 공격력의 40%)(+대상 최대 체력의 1/2/3%),11.3
비형,뚝딱!(Q),,1타 회복량 4/4.5/5/5.5/6%,2/2.5/3/3.5/4%,11.3
비형,뚝딱!(Q),재사용 회복량,6/6.75/7.5/8.25/9%,3.9/4.8/5.7/6.6/7.5%,11.3
샬럿,빛무리(Q),피해량,120/150/180/210/240(+스킬 증폭의 95%),120/150/180/210/240(+스킬 증폭의 100%),11.3
쇼우,소스범벅(Q),이동 속도 감소 지속 시간,0.2초,0.5초,11.3
쇼이치,협상(E),피해량,60/100/140/180/220(+스킬 증폭의 65%),60/100/140/180/220(+스킬 증폭의 75%),11.3
시셀라,,기본 체력,890,920,11.3
시셀라,,기본 방어력,49,50,11.3
아드리아나,불길 쇄도(E),쿨다운,19/18/17/16/15초,18/17/16/15/14초,11.3
아디나,별 읽기(P),이동 속도 증가,4/7/10%(+스킬 증폭의 1%),7/10/13%(+스킬 증폭의 1%),11.3
아르다,잠들어있는 힘(R),쿨다운,19/17/15초,20/18/16초,11.3
아이작,,레벨 당 공격력,4.7,4.9,11.3
아이작,착취(P),입힌 피해량 비례 체력 회복량,100/125/150%,120/140/160%,11.3
얀,니 스트라이크(Q),피해량,100/120/140/160/180(+추가 공격력의 65%)(+스킬 증폭의 50%)(+적 최대 체력의 6%),100/120/140/160/180(+추가 공격력의 65%)(+스킬 증폭의 55%)(+적 최대 체력의 6%),11.3
에스텔,선제대응(W),피해량,20/50/80/110/140(+스킬 증폭의 55%)(+대상 최대 체력의 2.5%),20/50/80/110/140(+스킬 증폭의 55%)(+대상 최대 체력의 3%),11.3
에스텔,방패방어(E),방패돌진(E2) 피해량,60/85/110/135/160(+스킬 증폭의 60%)(+최대 체력의 10%),60/85/110/135/160(+스킬 증폭의 70%)(+최대 체력의 10%),11.3
유민,선풍(Q),바람 지대 피해량,50/70/90/110/130(+스킬 증폭의 40%),40/60/80/100/120(+스킬 증폭의 40%),11.3
이렘,고양이의 습성(P),이렘일 때 공격 속도 증가,10/20/30%,20/30/40%,11.3
이렘,고양이의 습성(P),고양이일 때 방어력 증가,6/10/14,8/12/16,11.3
이안,,피해량,20/50/80/110/140(+공격력의 65%),30/60/90/120/150(+공격력의 65%),11.3
자히르,,암기 무기 숙련도 레벨 당 스킬 증폭,4%,3.9%,11.3
제니,죽음의 연기(P),쿨다운,90초,70초,11.3
츠바메,오의 - 생사 각인(P),피해량,30(+추가 공격력의 25%)(+대상 최대 체력의 4/7/10(+추가 공격력의 4%)%),30(+추가 공격력의 25%)(+대상 최대 체력의 4/7/10(+추가 공격력의 5%)%),11.3
카티야,,레벨 당 공격력,4.5,4.7,11.3
케네스,업화(W),받는 피해 감소,2(+공격력의 3/3.25/3.5/3.75/4%)%,2(+공격력의 4/4.25/4.5/4.75/5%)%,11.3
코렐라인,단죄의 섬광(Q),거울 강화 시 투사체 속도,16m/s,15m/s,11.3
프리야,프리비티의 노래(E),피해량,60/90/120/150/180(+스킬 증폭의 60%),60/90/120/150/180(+스킬 증폭의 65%),11.3
피오라,아따끄 꽁뽀제(W),피해량,40/75/110/145/180(+스킬 증폭의 30%),30/65/100/135/170(+스킬 증폭의 30%),11.3
피올로,쌍절난격&내려치기(Q),내려치기(Q2) 중앙 피해량,60/95/130/165/200(+스킬 증폭의 85%),50/80/110/140/170(+스킬 증폭의 85%),11.3
피올로,튕겨내기&휘두르기(W),휘두르기(W2) 피해량,90/135/180/225/270(+스킬 증폭의 85%),70/115/160/205/250(+스킬 증폭의 85%),11.3
하트,,레벨 당 공격력,4.2,4.4,11.3
헨리,,레벨 당 체력,81,78,11.3
징벌,,피해량,30(+스킬 증폭의 20%)(+캐릭터 레벨 * 2),50(+스킬 증폭의 20%)(+캐릭터 레벨 * 2),11.3
한파 - [고유 장착 효과],,공격 속도 감소,30%,10%,11.3
락커의 자켓 방어 관통,옷,11,,12,11.3
가디언 슈트,옷,방어력,45,42,11.3
반역의 의지,옷,최대 체력,200,220,11.3
슈팅 스타 자켓,옷,공격력,10,12,11.3
아오자이,옷,공격력,25,22,11.3
피해 저장량 [근거리],옷,20%,,25%,11.3
오메르타,옷,공격력,20,22,11.3
카우보이 모자,머리,공격력,27,28,11.3
오니 가면,머리,최대 체력,230,250,11.3
전술 고글,머리,최대 체력,150,200,11.3
천룡잠,머리,스킬 증폭,55,60,11.3
천룡잠,머리,쿨다운 감소,15,10,11.3
황야의 별,머리,공격력,37,38,11.3
가시지네 견갑,머리,방어력,16,15,11.3
사과,머리,체력,회복량 600,550,11.3
데비&마를렌,양손검 사용 시,입히는 피해량,96%,100%,11.3
레니,권총 사용 시,받는 피해량,97%,95%,11.3
리 다이린,글러브 사용 시,받는 피해량,88%,90%,11.3
리오,활 사용 시,입히는 피해량,84%,85%,11.3
리오,,받는 피해량,102%,100%,11.3
마커스,도끼 사용 시,받는 피해량,100%,98%,11.3
마커스,망치 사용 시,받는 피해량,100%,98%,11.3
시셀라,투척 사용 시,받는 피해량,97%,100%,11.3
실비아,권총 사용 시,받는 피해량,92%,94%,11.3
아야,권총 사용 시,입히는 피해량,89%,92%,11.3
아야,돌격 소총 사용 시,입히는 피해량,90%,93%,11.3
아야,저격총 사용 시,입히는 피해량,87%,90%,11.3
아이솔,돌격 소총 사용 시,받는 피해량,96%,98%,11.3
아이솔,권총 사용 시,받는 피해량,96%,98%,11.3
얀,글러브 사용 시,받는 피해량,92%,90%,11.3
윌리엄,투척 사용 시,받는 피해량,94%,96%,11.3
일레븐,망치 사용 시,받는 피해량,102%,100%,11.3
자히르,투척 사용 시,입히는 피해량,96%,98%,11.3
자히르,암기 사용 시,입히는 피해량,94%,97%,11.3
제니,권총 사용 시,받는 피해량,93%,95%,11.3
헤이즈,돌격 소총 사용 시,받는 피해량,98%,100%,11.3
비형,,기본 체력,960,930,11.2e
비형,,기본 공격력,34,30,11.2e
비형,신명나게 놀아보자!(R),받는 피해 감소,40%,30%,11.2e
비형,뚝딱!(Q),쿨다운,8/7/6/5/4초,9/8/7/6/5초,11.2d
비형,천벌 받아라!(W),쿨다운,11초,12초,11.2d
비형,천벌 받아라!(W),이동 속도 증가,20%,15%,11.2d
비형,내기 한판!(E),쿨다운,14/13/12/11/10초,15/14/13/12/11초,11.2d
비형,신명나게 놀아보자!(R),받는 피해 감소,50%,40%,11.2d
비형,,레벨 당 방어력,3.2,2.9,11.2c
비형,뚝딱(Q),추가 피해량,20/40/60/80/100(+공격력의 10/20/30/40/50%),20/40/60/80/100(+공격력의 9/18/27/36/45%),11.2c
재사용 시 피해량도 함께 변경됩니다.,신명나게 놀아보자(R),피해량,200/350/500(+추가 공격력의 180%)(+대상 최대 체력의 10%),150/300/450(+추가 공격력의 170%)(+대상 최대 체력의 10%),11.2c
비형,도깨비 불(P),피해량,16/32/48(+추가 공격력의 48%)(+대상 최대 체력의 2.4/3.2/4%),16/32/48(+추가 공격력의 40%)(+대상 최대 체력의 1/2/3%),11.2a
비형,천벌 받아라!(W),보호막 흡수량,20/45/70/95/120(+최대 체력의 14%),20/45/70/95/120(+최대 체력의 12%),11.2a
나타폰,스냅샷(Q),피해량,50/90/130/170/210(+스킬 증폭의 75%),50/90/130/170/210(+스킬 증폭의 80%),11.2
나타폰,인스턴트 포토(E),이동 속도 감소,50%,55%,11.2
니아,K.O.(P),K.O. 중첩 당 저장되는 피해량,2/6/10(+스킬 증폭의 2.5%),4/8/12(+스킬 증폭의 3%),11.2
다니엘,,레벨 당 공격력,4.6,4.7,11.2
다니엘,그림자 이동(E),피해량,20/40/60/80/100(+추가 공격력의 55%),20/40/60/80/100(+추가 공격력의 60%),11.2
다르코,수금(W),이동 속도 감소,20/22.5/25/27.5/30%,25/27.5/30/32.5/35%,11.2
다르코,추심(E),에어본 지속 시간,0.6초,0.7초,11.2
레녹스,휩쓸기(E),쿨다운,8초,9초,11.2
루크,애프터 서비스(R),표식 중첩 당 추가 피해량,20/45/70(+공격력의 10%)(+대상 최대 체력의 2%),20/45/70(+공격력의 13%)(+대상 최대 체력의 2%),11.2
리오,카에유미(Q),화궁 기본 공격 피해량 (공격력의,104%) * (기본 공격 증폭),(공격력의 103%) * (기본 공격 증폭),11.2
매그너스,17대 1(W),피해량,16/22/28/34/40(+추가 공격력의 45%)(+스킬 증폭의 18%)(+적 최대 체력의 2.5%),16/22/28/34/40(+추가 공격력의 45%)(+스킬 증폭의 20%)(+적 최대 체력의 2.5%),11.2
비앙카,흡혈귀(P),피해량,30/65/100(+스킬 증폭의 40%)(+대상 최대 체력의 4%),30/70/110(+스킬 증폭의 40%)(+대상 최대 체력의 5%),11.2
쇼우,소스범벅(Q),피해량,60/100/140/180/220(+스킬 증폭의 70%)(+대상 현재 체력의 25%),80/120/160/200/240(+스킬 증폭의 70%)(+대상 현재 체력의 25%),11.2
슈린,결심응진(P),체력 회복량,10/25/40(+공격력의 30%),10/25/40(+공격력의 35%),11.2
슈린,만검귀종(R),강화 어검 피해량,20/40/60(+공격력의 15/25/35%),20/40/60(+공격력의 20/30/40%),11.2
아야,,기본 공격력,43,40,11.2
아이솔,,돌격 소총 무기 숙련도 레벨 당 기본 공격 증폭,1.4%,1.3%,11.2
아이작,,기본 방어력,50,52,11.2
아이작,강탈(R),피해량,80/140/200(+공격력의 100%),120/180/240(+공격력의 100%),11.2
얀,쿼드라곤(R),피해량,100/200/300(+추가 공격력의 80%)(+스킬 증폭의 40%),100/200/300(+추가 공격력의 80%)(+스킬 증폭의 45%),11.2
엘레나,겨울 여왕의 영지(P),피해량,10/30/50(+스킬 증폭의 20%)(+대상 최대 체력의 6/8/10%),10/30/50(+스킬 증폭의 30%)(+대상 최대 체력의 7/9/11%),11.2
요한,찬란한 광휘(Q),강화 시 체력 회복량,30/45/60/75/90(+스킬 증폭의 15%),20/35/50/65/80(+스킬 증폭의 15%),11.2
요한,찬란한 광휘(Q),쿨다운,11/10/9/8/7초,12/11/10/9/8초,11.2
윌리엄,,레벨 당 공격력,4.1,4.3,11.2
유스티나,집중 포격(W),피해량,50/70/90/110/130(+스킬 증폭의 35%),50/75/100/125/150(+스킬 증폭의 35%),11.2
이바,빛의 트라이어드(Q),폭발 피해량,45/80/115/150/185(+스킬 증폭의 40%),40/70/100/130/160(+스킬 증폭의 40%),11.2
이슈트반,양자 얽힘(W),피해량,60/85/110/135/160(+공격력의 90%),60/90/120/150/180(+공격력의 90%),11.2
다른 가능성,,피해량,60/85/110/135/160(+공격력의 90%),60/90/120/150/180(+공격력의 90%),11.2
체력 회복량,,최소,20/30/40/50/60(+공격력의 60%),40/50/60/70/80(+공격력의 60%),11.2
체력 회복량,,최대,30/45/60/75/90(+공격력의 90%),60/75/90/105/120(+공격력의 90%),11.2
자히르,사신의 눈(P),피해량,30/50/70(+스킬 증폭의 25%),40/60/80(+스킬 증폭의 25%),11.2
자히르,바이바야스트라(E),투사체 속도,7.3m/s,8.5m/s,11.2
카티야,,레벨 당 공격력,4.3,4.5,11.2
칼라,,석궁 무기 숙련도 레벨 당 스킬 증폭,4%,4.1%,11.2
칼라,작살 기동(E),피해량,60/100/140/180/220(+공격력의 50%)(+스킬 증폭의 60%),60/100/140/180/220(+공격력의 50%)(+스킬 증폭의 80%),11.2
캐시,,쌍검 무기 숙련도 레벨 당 스킬 증폭,4.6%,4.8%,11.2
케네스,억압된 분노(P),체력 회복량 입힌 피해량의,40(+공격력의 5%)%,40(+공격력의 6%)%,11.2
케네스,억압된 분노(P),체력 회복량,최대치 20/30/40(+공격력의 5%),30/40/50(+공격력의 6%),11.2
케네스,맹공격(E),피해량,8/16/24/32/40(+공격력의 20%),8/16/24/32/40(+공격력의 25%),11.2
코렐라인,이세계의 잔영(R),이동 속도 증가,15%,10%,11.2
펠릭스,,창 무기 숙련도 레벨 당 기본 공격 증폭,1.5%,1.6%,11.2
피올로,쌍절난격&내려치기(Q),쌍절난격(Q1) 강화 피해량,30/40/50/60/70(+스킬 증폭의 25%),20/30/40/50/60(+스킬 증폭의 25%),11.2
피올로,쌍절난격&내려치기(Q),내려치기(Q2) 이동 속도 감소,60%,55%,11.2
현우,발 밟기(Q),피해량,50/100/150/200/250(+추가 공격력의 60%)(+스킬 증폭의 80%),50/100/150/200/250(+추가 공격력의 60%)(+스킬 증폭의 85%),11.2
혜진,,암기 무기 숙련도 레벨 당 스킬 증폭,4.7%,4.8%,11.2
혜진,,레벨 당 방어력,2.6,2.8,11.2
히스이,쾌연격(Q),,2타 피해량 70/85/100/115/130(+추가 공격력의 90/95/100/105/110%),70/85/100/115/130(+추가 공격력의 100/105/110/115/120%),11.2
달인,,이동 속도 감소량,40%,35%,11.2
레이피어,,플랑베르주,최대 체력 100,120,11.2
레이피어,,기어헬릭스,최대 체력 120,150,11.2
아르카나,,절제 주는 회복 증가량,6%,5%,11.2
아르카나,,더 썬 주는 회복 증가량,12%,10%,11.2
톤파,,윈드러너 방어력,6,8,11.2
톤파,,흑요석 짓테 방어력,8,6,11.2
선녀강림,옷,공격 속도,42%,40%,11.2
슈팅스타 자켓 방어 관통,옷,11,,12,11.2
카바나,옷,스킬 증폭,38,40,11.2
피해량 20(+추가,머리,체력,의 10%),20(+추가 체력의 12%),11.2
백야의 관,머리,스킬 증폭,75,70,11.2
월계관,머리,공격력,33,35,11.2
천상의 메아리,머리,이동 속도,2%,2.5%,11.2
택티컬 바이저,머리,최대 체력,200,220,11.2
나이팅게일 주는 회복 증가,머리,6%,,5%,11.2
서슬가시 체인 방어 관통,머리,11,,12,11.2
오르비스,머리,스킬 증폭,82,84,11.2
호루스의 눈,머리,스킬 증폭,72,75,11.2
픽시 부츠 맞춤형 능력치,머리,30,,28,11.2
인퓨전 등장 확률,,,1레벨 80%,50%,11.2
인퓨전 등장 확률,,,2레벨 10%,25%,11.2
인퓨전 등장 확률,,,3레벨 10%,25%,11.2
1레벨 인퓨전 - 치명타 피해,,치명타 피해 증가,18%,20%,11.2
2레벨 인퓨전 - 가시 덤불,,치유 효과 감소,50%,60%,11.2
2레벨 인퓨전 - 대용량 충전지,,최대 체력 증가,250,300,11.2
2레벨 인퓨전 - 불굴,,보호막 지속 시간,4초,5초,11.2
2레벨 인퓨전 - 수확,,모든 피해 흡혈 증가,30%,33%,11.2
2레벨 인퓨전 - 지진파,,쿨다운,2.5초,2초,11.2
2레벨 인퓨전 - 진통제,,방어력 증가,최대치 28%,30%,11.2
2레벨 인퓨전 - 철갑탄,,방어 관통 증가,14%,15%,11.2
3레벨 인퓨전 - 대리인,,[근거리] 피해량,3초 동안 초 당 30,35,11.2
3레벨 인퓨전 - 대리인,,[원거리] 피해량,3초 동안 초 당 20,25,11.2
3레벨 인퓨전 - 산울림,,쿨다운,2.5초,2초,11.2
3레벨 인퓨전 - 압도적인 힘,,이동 속도 증가,20%,25%,11.2
3레벨 인퓨전 - 압도적인 힘,,쿨다운,30초,25초,11.2
3레벨 인퓨전 - 잠꾸러기,,매 초 체력 회복량 잃은 체력의,20%,25%,11.2
3레벨 인퓨전 - 찰나의 악몽,,쿨다운,20초,16초,11.2
3레벨 인퓨전 - 최후 통첩,,방어 관통 증가,10%,12%,11.2
3레벨 인퓨전 - 카트로즈,,쿨다운,10초,8초,11.2
3레벨 인퓨전 - 함구령,,침묵 지속 시간,1초,1.2초,11.2
나타폰,카메라 사용 시,받는 피해량,96%,98%,11.2
다니엘,단검 사용 시,입히는 피해량,98%,100%,11.2
다르코,방망이 사용 시,입히는 피해량,96%,100%,11.2
띠아,방망이 사용 시,받는 피해량,92%,90%,11.2
레온,글러브 사용 시,받는 피해량,90%,93%,11.2
레온,톤파 사용 시,받는 피해량,92%,95%,11.2
로지,권총 사용 시,입히는 피해량,93%,95%,11.2
매그너스,망치 사용 시,입히는 피해량,100%,103%,11.2
바냐,아르카나 사용 시,입히는 피해량,98%,100%,11.2
바냐,,받는 피해량,95%,93%,11.2
셀린,투척 사용 시,받는 피해량,94%,96%,11.2
시셀라,암기 사용 시,받는 피해량,94%,97%,11.2
시셀라,투척 사용 시,받는 피해량,94%,97%,11.2
실비아,권총 사용 시,받는 피해량,90%,92%,11.2
아디나,아르카나 사용 시,받는 피해량,94%,96%,11.2
아야,돌격 소총 사용 시,받는 피해량,96%,98%,11.2
이안,단검 사용 시,주는 회복 효과,108%,100%,11.2
재키,단검 사용 시,입히는 피해량,98%,100%,11.2
재키,양손검 사용 시,입히는 피해량,98%,100%,11.2
재키,도끼 사용 시,입히는 피해량,104%,102%,11.2
제니,권총 사용 시,입히는 피해량,96%,98%,11.2
제니,,받는 피해량,94%,93%,11.2
케네스,도끼 사용 시,입히는 피해량,103%,100%,11.2
코렐라인,아르카나 사용 시,받는 피해량,96%,100%,11.2
펜리르,글러브 사용 시,받는 피해량,93%,95%,11.2
프리야,기타 사용 시,주는 보호막 효과,75%,80%,11.2
피오라,창 사용 시,입히는 피해량,104%,102%,11.2
하트,기타 사용 시,입히는 피해량,96%,98%,11.2
헤이즈,돌격 소총 사용 시,받는 피해량,96%,98%,11.2
현우,글러브 사용 시,입히는 피해량,100%,102%,11.2
현우,,받는 피해량,96%,95%,11.2
현우,톤파 사용 시,입히는 피해량,96%,100%,11.2
혜진,활 사용 시,입히는 피해량,92%,94%,11.2
레니,곰돌이! 공격(P),피해량,20/30/40(+레니 레벨 *5),15/25/35(+레니 레벨 *4),11.1a
코렐라인,인과의 이면(P),피해량,20/40/60/80/100(+스킬 증폭의 15%),20/40/60/80/100(+스킬 증폭의 12%),11.1a
레이싱 슈트,옷,쿨다운 감소,15,10,11.1a
레니,뿅! 망치(W),이동 속도 증가,16/17/18/19/20(+레벨*1)%,11/12/13/14/15(+레벨*1)%,11.1
레온,,톤파 무기 숙련도 레벨 당 스킬 증폭,5%,4.8%,11.1
로지,,기본 공격력,35,32,11.1
미르카,백스탭 러시(E),받는 피해 감소,80%,60%,11.1
아드리아나,방화(Q),피해량,30/40/50/60/70(+스킬 증폭의 25/27/29/31/33%),35/45/55/65/75(+스킬 증폭의 25/27/29/31/33%),11.1
해 컨정션 효과,,지속 피해량 대상,최대 체력의 10%,11%,11.1
자히르,간디바(W),피해량,60/85/110/135/160(+스킬 증폭의 50%),70/95/120/145/170(+스킬 증폭의 50%),11.1
현우,,글러브 무기 숙련도 레벨 당 기본 공격 증폭,2.3%,2.2%,11.1
한파,,이동 속도 감소,20%,25%,11.1
가디언 슈트,옷,레벨 당 체력,28,26,11.1
레이싱 슈트,옷,최대 체력,180,150,11.1
격려 - [고유 장착 효과],옷,공격 속도 증가,15%,10%,11.1
타이탄 아머,옷,방어력,32,30,11.1
팬텀 자켓,옷,방어력,40,38,11.1
검은 베일,머리,이동 속도,2%,2.5%,11.1
백야의 관,머리,쿨다운,4초,6초,11.1
앙 가르드,머리,방어력,10,8,11.1
황야의 별,머리,공격력,35,37,11.1
맞춤형 능력치 증가,머리,5,,8,11.1
미스릴 퀴버,팔,이동 속도,2%,1.5%,11.1
샤를마뉴의 방패,팔,최대 체력,220,200,11.1
미스릴 부츠,팔,공격 속도,42%,38%,11.1
피해량 30(+캐릭터 레벨 * 5)(+대상,머리,최대 체력,의 8%),30(+캐릭터 레벨 * 5)(+대상 최대 체력의 7%),11.0d
블레어,,기본 체력,940,970,11.0
블레어,블레이드 시프트(P),체력 회복량 입힌 피해의,8(+추가 공격력의 4%)%,8(+추가 공격력의 5%)%,11.0
히스이,,기본 체력,940,980,11.0
히스이,,기본 방어력,52,54,11.0
현란함,,(원거리) 이동 속도 증가,2%,1.5%,11.0
맨티스 톤파,,공격력,66,63,11.0
윈드러너,,스킬 증폭,86,92,11.0
흑요석 짓테,,스킬 증폭,94,82,11.0
칼날 톤파 - 진홍,,맞춤형 능력치,54,51,11.0
별 사냥꾼,,스킬 증폭,112,108,11.0
롱기누스의 창 - 새벽,,맞춤형 능력치,60,58,11.0
레이싱 슈트,옷,방어력,37,25,11.0
이단심판관,옷,스킬 증폭,38,30,11.0
조합식 변경: 머리띠 + 아이테르 깃털,머리,,,머리테 + 비파단도,11.0
예언자의 터번,머리,스킬 증폭,85,80,11.0
예언자의 터번,머리,쿨다운 감소,20,15,11.0
조합식 변경: 분대장 완장 + 운명의 꽃,팔,,,분대장 완장 + 유리 조각,11.0
샤를마뉴의 방패,팔,공격력,30,22,11.0
샤를마뉴의 방패,팔,최대 체력,250,220,11.0
조합식 변경: 힐리스 + 루비,팔,,,힐리스 + 이온 전지,11.0
미스릴 부츠,팔,방어력,14,10,11.0
택티컬 슈즈,팔,최대 체력,200,150,11.0
픽시 부츠,팔,쿨다운 감소,25,20,11.0
후라이드 치킨,팔,체력 재생,700,660,11.0
감자튀김,팔,체력 재생,630,600,11.0
눈물젖은 빵,팔,체력 재생,630,600,11.0
뜨거운 물,팔,체력 재생,630,600,11.0
루텔라,팔,체력 재생,630,600,11.0
베이컨 토스트,팔,체력 재생,630,600,11.0
생선까스,팔,체력 재생,630,600,11.0
양송이 꼬치 구이,팔,체력 재생,630,600,11.0
탕약,팔,체력 재생,630,600,11.0
민트 초코,팔,체력 재생,800,750,11.0
피쉬 앤 칩스,팔,체력 재생,800,750,11.0
꿀고구마,팔,체력 재생,840,800,11.0
연어 스테이크,팔,체력 재생,840,800,11.0
트러플 파스타,팔,체력 재생,840,800,11.0
하와이안 피자,팔,체력 재생,840,800,11.0
만년 스프,팔,체력 재생,1005,915,11.0
조합식 변경: 원석 + 실,팔,,,마패 + 피아노선,11.0
페이즈,,음식 보급 상자,4개,6개,11.0
페이즈,,,120초,110초,11.0
페이즈,,,110초,100초,11.0
페이즈,,금지구역 지정,3개,4개,11.0
페이즈,,,100초,80초,11.0
페이즈,,금지구역 지정,2개,3개,11.0
페이즈,,,90초,80초,11.0
페이즈,,,50초,70초,11.0
페이즈,,금지구역 지정,1개,2개,11.0
페이즈,,임시안전지대 예고 페이즈,,일반 페이즈,11.0
페이즈,,,120초,50초,11.0
페이즈,,임시 안전지대 페이즈,,임시 안전지대 예고 페이즈,11.0
페이즈,,,50초,120초,11.0
페이즈,,최종 안전지대 예고 페이즈,,임시 안전지대 페이즈,11.0
페이즈,,,150초,50초,11.0
페이즈,,최종 안전지대 페이즈,,최종 안전지대 예고 페이즈,11.0
금지 구역 가속,,,5팀 이하일 경우 금지 구역 예정지 1개 증가,2개 증가,11.0
금지 구역 가속,,,4팀 이하일 경우 금지 구역 예정지 1개 증가,2개 증가,11.0
금지 구역 가속,,,3팀 이하일 경우 금지 구역 예정지 1개 증가,2개 증가,11.0
금지 구역 가속,,,3팀 이하일 경우 금지 구역 예정지 1개 증가,2개 증가,11.0
큐브,,전투 연구실 버프 큐브 지속 시간,140초,90초,11.0
풍요 큐브,,크레딧 획득량 캐릭터 레벨*3,,캐릭터 레벨*2,11.0
자연 크레딧 획득량,,,1일차 낮 1.4초 당 1,1.45초 당 1,11.0
자연 크레딧 획득량,,,2일차 밤 ~ 3일차 밤 1.95초 당 1,2초 당 1,11.0
자연 크레딧 획득량,,,4일차 낮 이후 1.9초 당 1,2초 당 1,11.0
판매 아이템 품목 변경,,당근,6개,오므라이스 6개,11.0
취약,,피해량,30(+레벨*3),20(+레벨*5),11.0
취약,,방어력 감소,10(+레벨*0.5)%,15%,11.0
초재생,,맞춤형 능력치 증가,5(+레벨*0.5),1(+레벨*0.5),11.0
이펙트 가시성이 개선됩니다.,,아군 적중 시,최대 체력 증가 200/250(+캐릭터 레벨*15/20),150/200(+캐릭터 레벨*15/20),11.0
이펙트 가시성이 개선됩니다.,,폭발 시간 생성 후,2.5초,2.2초,11.0
이펙트 가시성이 개선됩니다.,,설치 사거리,10m,12m,11.0
무효화,,이동 속도 증가 지속 시간,2초,1초,11.0
무효화,,이동 속도 증가,60%,20/30%,11.0
무효화,,증가된 이동 속도 서서히 감소,,지속 시간 동안 일정하게 유지,11.0
무효화,,쿨다운,30/20초,40/30초,11.0
곰,,크레딧 획득량(처치/아군),5/5,5/4,11.0
변이 늑대,,크레딧 획득량(처치/아군),8/6,6/6,11.0
변이 곰,,크레딧 획득량(처치/아군)14/10,,10/10,11.0
돌격 소총,과열(D),공격 속도 증가,20/30/40%,30/40/50%,10.7
가넷,억누른 고통(W),받는 피해 감소,55%,50%,10.7
나딘,,기본 공격력,35,33,10.7
나타폰,,카메라 무기 숙련도 레벨 당 스킬 증폭,4.3%,4.4%,10.7
라우라,날카로운 꽃(Q),피해량,50/75/100/125/150(+스킬 증폭의 60%),50/75/100/125/150(+스킬 증폭의 55%),10.7
레니,스프링! 트랩(R),쿨다운,20/16/12초,20/17/14초,10.7
리 다이린,,글러브 무기 숙련도 레벨 당 기본 공격 증폭,1.8%,1.9%,10.7
마이,오뜨꾸뛰르(P),기본 공격 추가 피해량,30(+추가 체력의 4/7/10%),30(+추가 체력의 5/8/11%),10.7
마커스,,레벨 당 체력,97,94,10.7
마커스,파괴(W),쿨다운,12/11/10/9/8초,13/12/11/10/9초,10.7
매그너스,17대 1(W),피해량,16/22/28/34/40(+추가 공격력의 50%)(+스킬 증폭의 18%)(+적 최대 체력의 2.5%),16/22/28/34/40(+추가 공격력의 45%)(+스킬 증폭의 18%)(+적 최대 체력의 2.5%),10.7
미르카,,기본 체력,930,960,10.7
쇼우,식사 시간(W),방어력 증가 지속 시간,2초,2.5초,10.7
실비아,기동전(R),방어력 증가,15/20/25,14/18/22,10.7
아비게일,티어링 블레이드(P),방어력 감소,4/8/12,4/7/10,10.7
아비게일,워프 슬래시(E),피해량,80/100/120/140/160(+스킬 증폭의 40%),70/85/100/115/130(+스킬 증폭의 40%),10.7
아야,2연발(Q),피해량,40/70/100/130/160(+공격력의 30%)(+스킬 증폭의 70%),40/70/100/130/160(+공격력의 30%)(+스킬 증폭의 65%),10.7
알론소,마그네틱 펀치(Q),기절 지속 시간,0.85초,0.9초,10.7
에이든,뇌격(Q),피해량,60/90/120/150/180(+공격력의 75%) * (기본 공격 증폭),70/100/130/160/190(+공격력의 75%) * (기본 공격 증폭),10.7
에이든,전자포(과전하 Q),피해량,60/90/120/150/180(+공격력의 75%) * (기본 공격 증폭),70/100/130/160/190(+공격력의 75%) * (기본 공격 증폭),10.7
일레븐,힘내자고!(P),일레븐 버거 체력 회복량,최대 체력의 3/5/7%,2/4/6%,10.7
칼라,작살 장전(P),완전 충전시 피해량,10/25/40(+공격력의 100%)(+스킬 증폭의 25%)(+대상 최대 체력의 4/7/10%),10/25/40(+공격력의 100%)(+스킬 증폭의 25%)(+대상 최대 체력의 4/8/12%),10.7
케네스,분노의 일격(Q),피해량,30/40/50/60/70(+공격력의 150/155/160/165/170%),30/40/50/60/70(+공격력의 165/170/175/180/185%),10.7
코렐라인,진실의 거울/거짓의 거울(W),스킬 증폭 증가,4/6/8%,3/5/7%,10.7
코렐라인,죄의 굴레(E),거울 강화 시 투사체 속도,15m/s,13/ms,10.7
클로에,,기본 공격력,35,32,10.7
키아라,부정의 손길(Q),체력 회복량,10/13/16/19/22(+스킬 증폭의 3%),13/16/19/22/25(+스킬 증폭의 4%),10.7
타지아,스틸레토(Q),피해량,30/55/80/105/130(+스킬 증폭의 40%),30/60/90/120/150(+스킬 증폭의 40%),10.7
타지아,스틸레토(Q),스파다(강화 Q) 피해량,30/55/80/105/130(+스킬 증폭의 50%),30/60/90/120/150(+스킬 증폭의 50%),10.7
테오도르,에너지 필드(R),이동 속도 증가,60/80/100%(+스킬 증폭의 2%),50/70/90%(+스킬 증폭의 2%),10.7
펜리르,,레벨 당 공격력,4.6,4.8,10.7
프리야,개화의 선율(Q),만개 피해량,60/80/100/120/140(+스킬 증폭의 55%),60/80/100/120/140(+스킬 증폭의 60%),10.7
프리야,포르타멘토(W),피해량,60/100/140/180/220(+스킬 증폭의 60%),60/100/140/180/220(+스킬 증폭의 65%),10.7
하트,,기본 방어력,49,51,10.7
헤이즈,산탄 포화(W),피해량,80/120/160/200/240(+스킬 증폭의 70%),80/120/160/200/240(+스킬 증폭의 75%),10.7
헨리,시간 제어 장치(W),피해량,8/16/24/32/40(+스킬 증폭의 20%)(+대상 최대 체력의 1/1/2/2/3%),8/16/24/32/40(+스킬 증폭의 22%)(+대상 최대 체력의 1/1/2/2/3%),10.7
현우,핵펀치(R),방어력 감소,15/20/25%,10/15/20%,10.7
혜진,오대존명왕진(R),부적 피해량,80/115/150(+스킬 증폭의 50%),80/105/130(+스킬 증폭의 50%),10.7
붉은 별빛,옷,공격력,15,18,10.7
수정 티아라,머리,공격 속도,15%,20%,10.7
미스릴 투구,머리,방어력,16,15,10.7
빛의 증표,머리,공격 속도,22%,25%,10.7
2단계 인퓨전 - 라이프 백,,보호막 획득량,800,700,10.7
2단계 인퓨전 - 라이프 백,,보호막이 유지되는 동안 이동 속도 증가,8%,7%,10.7
2단계 인퓨전 - 지진파,,쿨다운,3초,2.5초,10.7
3레벨 인퓨전 - 롤링썬더,,충돌 피해량,400,500,10.7
3레벨 인퓨전 - 산울림,,공격력 감소,10%,8%,10.7
르노어,기타 사용 시,입히는 피해량,84%,85%,10.7
르노어,,받는 피해량,102%,100%,10.7
미르카,망치 사용 시,받는 피해량,104%,102%,10.7
버니스,저격총 사용 시,입히는 피해량,92%,94%,10.7
수아,방망이 사용 시,입히는 피해량,102%,100%,10.7
아야,돌격 소총 사용 시,입히는 피해량,92%,90%,10.7
아야,저격총 사용 시,받는 피해량,94%,96%,10.7
유민,아르카나 사용 시,입히는 피해량,96%,95%,10.7
이렘,투척 사용 시,받는 피해량,88%,90%,10.7
츠바메,암기 사용 시,입히는 피해량,92%,94%,10.7
카밀로,레이피어 사용 시,받는 피해량,94%,92%,10.7
프리야,기타 사용 시,받는 피해량,92%,90%,10.7
헤이즈,돌격 소총 사용 시,입히는 피해량,91%,90%,10.7
히스이,양손검 사용 시,받는 피해량,90%,88%,10.7
코렐라인,,아르카나 무기 숙련도 레벨 당 스킬 증폭,4.2%,4%,10.6c
가격 인하,,코렐라인의 A-Coin 구매 가격,"9,900","8,020개",10.6
가넷,짓뭉개기&꿰뚫기(Q),이동 속도 감소,35%,40%,10.6
가넷,억누른 고통(W),쿨다운,15/14/13/12/11초,14/13/12/11/10초,10.6
라우라,,채찍 무기 숙련도 레벨 당 공격 속도,2.8%,3.3%,10.6
라우라,황혼의 도둑(R),폭발 피해량,180/260/340(+스킬 증폭의 85%),180/260/340(+스킬 증폭의 90%),10.6
라우라,황혼의 도둑(R),보호막량,90/120/150(+스킬 증폭의 15%),90/120/150(+스킬 증폭의 20%),10.6
레니,당근! 바주카(Q),피해량,40/55/70/85/100(+레니 레벨*18)(+스킬 증폭의 30%),40/55/70/85/100(+레니 레벨*18)(+스킬 증폭의 35%),10.6
레니,당근! 바주카(Q),회복량,10/20/30/40/50(+레니 레벨*2)(+스킬 증폭의 18%),10/20/30/40/50(+레니 레벨*2)(+스킬 증폭의 20%),10.6
레온,물보라(W),레온 보호막 흡수량,80/110/140/170/200(+스킬 증폭의 35%),80/110/140/170/200(+스킬 증폭의 40%),10.6
르노어,고통의 선율(P),아첼레란도 중첩 당 쿨다운 감소,2,3,10.6
르노어,고통의 선율(P),쿨다운 감소,40 이후 아첼레란도 중첩 당 궁극기 쿨다운 감소 3,2,10.6
리 다이린,,레벨 당 공격력,4.8,5,10.6
마르티나,일시정지 - 방송 중(W),속박 지속 시간,1초,1.2초,10.6
마이,숄 장막(W),이동 속도 증가,8/11/14/17/20%,10/14/18/22/26%,10.6
바바라,BT-Mk2 센트리건(Q),센트리건 기본 공격 피해량,30/40/50/60/70(+스킬 증폭의 20%),30/40/50/60/70(+스킬 증폭의 18%),10.6
버니스,,기본 공격력,35,37,10.6
셀린,자력 융합(R),피해량,60/80/100/120/140(+스킬 증폭의 36%),60/80/100/120/140(+스킬 증폭의 37%),10.6
쇼이치,비약(W),피해량,40/60/80/100/120(+스킬 증폭의 60%),30/50/70/90/110(+스킬 증폭의 60%),10.6
수아,기억력(R),쿨다운,30/24/18초,26/22/18초,10.6
슈린,,레벨 당 공격력,4.3,4.6,10.6
시셀라,삶은 고통이에요.(P),피해량,30(+스킬 증폭의 40%)(+캐릭터 레벨*9),30(+스킬 증폭의 45%)(+캐릭터 레벨*9),10.6
아디나,폴 디그니티(E),별 컨정션 효과 체력 회복량,20/30/40/50(+스킬 증폭의 4%),20/30/40/50(+스킬 증폭의 6%),10.6
아이솔,,권총 무기 숙련도 레벨 당 스킬 증폭,4.4%,4.5%,10.6
아이작,현장 급습(Q),피해량,30/70/110/150/190(+공격력의 70%),20/60/100/140/180(+공격력의 70%),10.6
알렉스,플라즈마 마인(W),피해량,40/80/120/160/200(+공격력의 80%),40/75/110/145/180(+공격력의 80%),10.6
마무리 피해량,,최소 피해량,100/150/200(+스킬 증폭의 50%)(+추가 체력의 8%),100/150/200(+스킬 증폭의 50%)(+추가 체력의 12%),10.6
마무리 피해량,,최대 피해량,200/300/400(+스킬 증폭의 100%)(+추가 체력의 16%),200/300/400(+스킬 증폭의 100%)(+추가 체력의 24%),10.6
에스텔,헬기호출(R),보호막 흡수량,100/150/200(+스킬 증폭의 50%)(+잃은 체력의 20%),100/150/200(+스킬 증폭의 55%)(+잃은 체력의 20%),10.6
에스텔,헬기호출(R),아군 보호막 흡수량,100/200/300(+스킬 증폭의 50%)(+대상의 잃은 체력의 15%),100/200/300(+스킬 증폭의 55%)(+대상의 잃은 체력의 15%),10.6
에키온,,기본 공격력,39,35,10.6
에키온,VF 폭주(R),독사의 진노[블랙맘바] 피해량,50/120/175/220(+공격력의 80%)(+추가 체력의 10%),50/120/175/220(+공격력의 80%)(+추가 체력의 12%),10.6
엠마,마술 토끼(E),피해량,20/40/60/80/100(+스킬 증폭의 30%),30/55/80/105/130(+스킬 증폭의 30%),10.6
엠마,마술 토끼(E),변이 지속 시간,0.6/0.7/0.8/0.9/1초,0.8/0.85/0.9/0.95/1초,10.6
유키,머리치기!(Q),쿨다운,6초,5초,10.6
이렘,,투척 무기 숙련도 레벨 당 공격 속도,1.6%,2.2%,10.6
이슈트반,관측(Q),피해량,40/80/120/160/200(+공격력의 110%),40/80/120/160/200(+공격력의 100%),10.6
이슈트반,관측(Q),다른 가능성 피해량,40/80/120/160/200(+공격력의 110%),40/80/120/160/200(+공격력의 100%),10.6
츠바메,오의 - 생사 각인(P),피해량,30(+추가 공격력의 45%)(+대상 최대 체력의 4/7/10(+추가 공격력의 4%)%),30(+추가 공격력의 25%)(+대상 최대 체력의 4/7/10(+추가 공격력의 4%)%),10.6
카밀로,,레이피어 무기 숙련도 레벨 당 기본 공격 증폭,1.5%,1.4%,10.6
캐시,,기본 체력,940,970,10.6
코렐라인,단죄의 섬광(Q),피해량,50/90/130/170/210(+스킬 증폭의 75%),50/90/130/170/210(+스킬 증폭의 80%),10.6
코렐라인,죄의 굴레(E),백경 피해량,80/110/140/170/200(+스킬 증폭의 70%),80/110/140/170/200(+스킬 증폭의 65%),10.6
코렐라인,죄의 굴레(E),흑경 피해량,80/110/140/170/200(+스킬 증폭의 70%),80/110/140/170/200(+스킬 증폭의 65%),10.6
코렐라인,죄의 굴레(E),흑경 방어력 감소량,12/13/14/15/16%,10/11/12/13/14%,10.6
클로에,살아 있는 마리오네트(P),니나 부활 시 클로에 체력 소모량 현재 체력의,30%,20%,10.6
키아라,뒤틀린 기도(W),최소 보호막량,90/110/130/150/170(+스킬 증폭의 50%),110/130/150/170/190(+스킬 증폭의 50%),10.6
키아라,뒤틀린 기도(W),최대 보호막량,135/165/195/225/255(+스킬 증폭의 75%),165/195/225/255/285(+스킬 증폭의 75%),10.6
펜리르,,레벨 당 체력,92,94,10.6
펜리르,먹잇감 추적(W),본능적 후퇴(W2) 피해량,20/40/60/80/100(+공격력의 60%),30/55/80/105/130(+공격력의 60%),10.6
프리야,포르타멘토(W),아군 이동 속도 증가,10/11/12/13/14%,8/9/10/11/12%,10.6
프리야,대지의 메아리(R),받는 피해 감소,50%,40%,10.6
피오라,,레이피어 무기 숙련도 레벨 당 스킬 증폭,4.3%,4.2%,10.6
현우,,톤파 무기 숙련도 레벨 당 스킬 증폭,4.3%,4.5%,10.6
현우,허세(W),방어력 증가,14/23/32/41/50(+방어력 10당 1),14/21/28/35/42(+방어력 10당 1),10.6
응집,,이동 속도 감소,60%,50%,10.6
권총,,글록,48 공격력 70,68,10.6
권총,,플라즈마 건 공격력,82,80,10.6
도끼,,저거너트 공격력,72,75,10.6
팬텀 자켓,옷,방어력,42,40,10.6
천상의 메아리,머리,스킬 증폭,78,80,10.6
예언자의 터번,머리,스킬 증폭,82,85,10.6
쿤달라,머리,스킬 증폭,75,80,10.6
천사의 고리,머리,공격력,38,36,10.6
내면의 분노,머리,공격력 증가,8%,10%,10.6
소드 스토퍼,머리,방어력,15,13,10.6
가시지네 견갑,머리,방어력,18,16,10.6
에메랄드 타블렛,머리,스킬 증폭,87,85,10.6
에메랄드 타블렛,머리,쿨다운 감소,15,20,10.6
방어 관통 증가,머리,10,,12,10.6
크레딧 획득량,머리,20,,25,10.6
,,,1레벨 인퓨전 90%,80%,10.6
,,,2레벨 인퓨전 5%,10%,10.6
,,,3레벨 인퓨전 5%,10%,10.6
,,,2레벨 인퓨전 50%,70%,10.6
,,,3레벨 인퓨전 50%,30%,10.6
,,,2레벨 인퓨전 10%,30%,10.6
,,,3레벨 인퓨전 90%,70%,10.6
1레벨 인퓨전 - 치명타 피해,,치명타 피해 증가량,15%,18%,10.6
2레벨 인퓨전 - 가시 덤불,,치유 효과 감소,40%,50%,10.6
2레벨 인퓨전 - 대용량 충전지,,방어 관통 증가,10,12,10.6
2레벨 인퓨전 - 대용량 충전지,,최대 체력 증가,200,250,10.6
2레벨 인퓨전 - 불굴,,보호막량 캐릭터 레벨*50,,캐릭터 레벨*60,10.6
2레벨 인퓨전 - 수확,,모든 피해 흡혈 증가,25%,30%,10.6
2레벨 인퓨전 - 오버워치,,쿨다운 감소,15,25,10.6
2레벨 인퓨전 - 지진파,,쿨다운,5초,3초,10.6
3레벨 인퓨전 - 산울림,,공격력 감소,7%,10%,10.6
3레벨 인퓨전 - 산울림,,쿨다운,4.5초,2.5초,10.6
3레벨 인퓨전 - 압도적인 힘,,이동 속도 증가,12%,20%,10.6
3레벨 인퓨전 - 함구령,,쿨다운,25초,20초,10.6
레니,권총 사용 시,주는 회복 효과,65%,70%,10.6
레니,,주는 보호막 효과,65%,70%,10.6
미르카,망치 사용 시,입히는 피해량,98%,100%,10.6
바냐,아르카나 사용 시,입히는 피해량,95%,98%,10.6
바바라,권총 사용 시,받는 피해량,100%,102%,10.6
블레어,쌍검 사용 시,입히는 피해량,102%,104%,10.6
샬럿,아르카나 사용 시,주는 회복 효과,65%,70%,10.6
샬럿,,주는 보호막 효과,65%,70%,10.6
실비아,권총 사용 시,입히는 피해량,98%,100%,10.6
실비아,,주는 회복 효과,65%,70%,10.6
아르다,아르카나 사용 시,입히는 피해량,88%,90%,10.6
아르다,,주는 회복 효과,65%,70%,10.6
아비게일,도끼 사용 시,입히는 피해량,98%,95%,10.6
알렉스,모든 무기 사용 시,입히는 피해량,96%,98%,10.6
얀,톤파 사용 시,받는 피해량,86%,88%,10.6
엘레나,레이피어 사용 시,입히는 피해량,107%,105%,10.6
윌리엄,투척 사용 시,입히는 피해량,90%,93%,10.6
유스티나,석궁 사용 시,받는 피해량,94%,92%,10.6
이안,단검 사용 시,입히는 피해량,100%,104%,10.6
카밀로,쌍검 사용 시,입히는 피해량,100%,102%,10.6
카밀로,레이피어 사용 시,입히는 피해량,100%,102%,10.6
카티야,저격총 사용 시,입히는 피해량,84%,86%,10.6
캐시,쌍검 사용 시,입히는 피해량,98%,100%,10.6
칼라,석궁 사용 시,입히는 피해량,98%,100%,10.6
케네스,도끼 사용 시,입히는 피해량,100%,103%,10.6
클로에,암기 사용 시,입히는 피해량,90%,93%,10.6
펠릭스,창 사용 시,입하는 피해량,94%,97%,10.6
피올로,쌍절곤 사용 시,받는 피해량,94%,95%,10.6
피오라,창 사용 시,입히는 피해량,100%,104%,10.6
현우,글러브 사용 시,입히는 피해량,98%,100%,10.6
혜진,암기 사용 시,입히는 피해량,90%,92%,10.6
키오스크,,포스 코어 가격,350 크레딧,300 크레딧,10.6
크레딧,,,1~2일차 자연 크레딧 획득량 1.4초 당 1,1.5초 당 1,10.6
크레딧,,,3일차 이후 자연 크레딧 획득량 1.4초 당 1,1.8초 당 1,10.6
재생성 키트 부활 시간,,,6레벨 4초,6초,10.6
재생성 키트 부활 시간,,,7레벨 5초,8초,10.6
재생성 키트 부활 시간,,,8레벨 10초,12초,10.6
재생성 키트 부활 시간,,,9레벨 12초,15초,10.6
재생성 키트 부활 시간,,,10레벨 이후 15초,16초,10.6
야생 동물,,멧돼지 크레딧 획득량,3,4,10.6
야생 동물,,변이 멧돼지 크레딧 획득량,4,5,10.6
야생 동물,,기본 체력,800,600,10.6
야생 동물,,레벨 당 체력,800,650,10.6
야생 동물,,레벨 당 방어력,1.6,3,10.6
야생 동물,,기본 방어력,15,40,10.6
코렐라인,단죄의 섬광(Q),백경 피해량,60/105/150/195/240(+스킬 증폭의 85%)(+현재 체력의 4/6/8/10/12%),60/105/150/195/240(+스킬 증폭의 80%)(+현재 체력의 4/6/8/10/12%),10.5a
코렐라인,단죄의 섬광(Q),흑경 피해량,60/105/150/195/240(+스킬 증폭의 85%)(+잃은 체력의 3/6/9/12/15%),60/105/150/195/240(+스킬 증폭의 80%)(+잃은 체력의 3/6/9/12/15%),10.5a
현우,,최대 체력,1000,960,10.5a
2레벨 인퓨전 - 수집가,,최대 중첩 수,50,30,10.5a
가넷,,기본 체력,950,1000,10.5
나타폰,슬로우 셔터(P),피해량,40/70/100(+공격 속도의 20%)(+스킬 증폭의 65%),30/60/90(+공격 속도의 20%)(+스킬 증폭의 65%),10.5
다르코,고리대금(Q),피해량,20/40/60/80/100(+공격력의 40%)(+대상 최대 체력의 1/2/3/4/5%),20/40/60/80/100(+공격력의 40%)(+대상 최대 체력의 2/3/4/5/6%),10.5
띠아,색칠놀이(E),피해량,40/90/140/190/240(+스킬 증폭의 80%),40/90/140/190/240(+스킬 증폭의 90%),10.5
라우라,날카로운 꽃(Q),피해량,50/75/100/125/150(+스킬 증폭의 55%),50/75/100/125/150(+스킬 증폭의 60%),10.5
레녹스,위풍당당(P),쿨다운,14/12/10초,15/13/11초,10.5
로지,,기본 방어력,53,50,10.5
마르티나,되감기 - 방송 중(E),체력 회복량 받은 피해의,37/41/45/49/53%,40/45/50/55/60%,10.5
마이,캣 워크(E),보호막 흡수량,60/90/120/150/180(+스킬 증폭의 40%)(+최대 체력의 6%),60/90/120/150/180(+스킬 증폭의 40%)(+최대 체력의 7%),10.5
마커스,,도끼 무기 숙련도 레벨 당 기본 공격 증폭,1.8%,1.9%,10.5
비앙카,진조의 군림(R),,1타 피해량 50/100/150(+스킬 증폭의 50%)(+대상 최대 체력의 11%),50/100/150(+스킬 증폭의 40%)(+대상 최대 체력의 11%),10.5
창 무기 숙련도 레벨 당,,공격 속도,3%,4%,10.5
창 무기 숙련도 레벨 당,,스킬 증폭,4.1%,4.4%,10.5
시셀라,어딨어 윌슨?(W),피해량,100/135/170/205/240(+스킬 증폭의 70%),100/135/170/205/240(+스킬 증폭의 80%),10.5
시셀라,모두 해방이에요.(R),패시브 효과 증가 지속 시간,6/7/8초,7/8/9초,10.5
아델라,,레이피어 무기 숙련도 레벨 당 스킬 증폭,4.7%,4.6%,10.5
아야,고정 사격(W),피해량,20/30/40/50/60(+공격력의 50%)(+스킬 증폭의 30/35/40/45/50%),30/40/50/60/70(+공격력의 50%)(+스킬 증폭의 30/35/40/45/50%),10.5
알론소,어트랙션 슬램!(E),속박 지속 시간,0.7/0.8/0.9/1/1.1초,0.8/0.9/1/1.1/1.2초,10.5
얀,니 스트라이크(Q),리핑 니 스트라이크(Q2) 피해량,65/90/115/140/165(+추가 공격력의 90%)(+스킬 증폭의 60%)(+적 최대 체력의 6%),65/90/115/140/165(+추가 공격력의 90%)(+스킬 증폭의 70%)(+적 최대 체력의 6%),10.5
에스텔,선제대응(W),이동 속도 감소,25%,30%,10.5
엘레나,겨울여왕의 영지(P),빙결 지속 시간,1초,1.1초,10.5
엘레나,더블 악셀(W),피해량,50/70/90/110/130(+스킬 증폭의 50%)(+추가 체력의 8%),50/70/90/110/130(+스킬 증폭의 50%)(+추가 체력의 10%),10.5
윌리엄,,투척 무기 숙련도 레벨 당 기본 공격 증폭,1.5%,1.4%,10.5
유스티나,부스트 대쉬(E),피해량,40/60/80/100/120(+스킬 증폭의 30%),50/75/100/125/150(+스킬 증폭의 30%),10.5
이바,위상의 소용돌이(W),,1타 피해량 40/70/100/130/160(+스킬 증폭의 45%),40/70/100/130/160(+스킬 증폭의 40%),10.5
이안,,기본 공격력,40,38,10.5
일레븐,다 덤벼보라구!(R),피해량,6/9/12(+공격력의 3%)(+추가 체력의 3%),10/15/20(+공격력의 3%)(+추가 체력의 3%),10.5
제니,레드 카펫(W),쿨다운,16초,15초,10.5
제니,시상식의 여왕(R),피해량,100/200/300(+스킬 증폭의 70%),150/240/330(+스킬 증폭의 70%),10.5
카밀로,,기본 공격력,34,31,10.5
캐시,수쳐(E),피해량,50/60/70/80/90(+스킬 증폭의 40%),50/60/70/80/90(+스킬 증폭의 45%),10.5
케네스,업화(W),받는 피해 감소,4(+공격력의 3/3.25/3.5/3.75/4%)%,2(+공격력의 3/3.25/3.5/3.75/4%)%,10.5
타지아,스틸레토(Q),스파다 폭발 피해량,40/70/100/130/160(+스킬 증폭의 50%),40/70/100/130/160(+스킬 증폭의 55%),10.5
프리야,개화의 선율(Q),피해량,80/110/140/170/200(+스킬 증폭의 70%),60/90/120/150/180(+스킬 증폭의 70%),10.5
프리야,대지의 메아리(R),쿨다운,80/70/60초,80/75/70초,10.5
피오라,,레이피어 무기 숙련도 레벨 당 스킬 증폭,4.5%,4.3%,10.5
피올로,사슬 묶기(E),최대 충전까지 걸리는 시간,1.5초,1.2초,10.5
헤이즈,웨폰 케이스(P),피해량,60/90/120(+스킬 증폭의 55%),60/90/120(+스킬 증폭의 60%),10.5
신속 - 산들바람,,쿨다운,10초,12초,10.5
응집,,쿨다운,10초,12초,10.5
암기,,빙백은침 스킬 증폭,83,85,10.5
투척,,여의주 스킬 증폭,88,90,10.5
투척,,아스트라페 스킬 증폭,92,94,10.5
투척,,파이어 볼 스킬 증폭,74,76,10.5
활,,아르기로톡소스 스킬 증폭,82,85,10.5
미스릴 크롭,옷,쿨다운 감소,10,15,10.5
불꽃 드레스,옷,방어력,40,37,10.5
비키니,옷,스킬 증폭,35,40,10.5
퀸 오브 하트,옷,스킬 증폭,35,40,10.5
커맨더 헤드셋,머리,쿨다운 감소,10,15,10.5
피해량,머리,10(+캐릭터 레벨*3),,10(+캐릭터 레벨*2),10.5
미스릴 퀴버,머리,이동 속도,3%,2%,10.5
살라딘의 화살통,머리,이동 속도,2.5%,2%,10.5
요명월,머리,최대 체력,220,200,10.5
파초선,머리,스킬 증폭,80,82,10.5
해적의 증표,머리,공격력,32,30,10.5
해적의 증표,머리,쿨다운 감소,15,20,10.5
델타 레드,머리,스킬 증폭,17,18,10.5
풍화륜,머리,스킬 증폭,24,25,10.5
SCV,머리,스킬 증폭,26,28,10.5
글레이셜 슈즈,머리,스킬 증폭,32,33,10.5
칼날 다리,머리,스킬 증폭,40,42,10.5
항구 (총 인벤토리,머리,208,,260),10.5
라이터,머리,20,,24,10.5
원석,머리,22,,24,10.5
깃털,머리,16,,18,10.5
가위,머리,16,,18,10.5
거북이 등딱지,머리,15,,16,10.5
쇠사슬,머리,5,,10,10.5
식칼,머리,5,,10,10.5
쌍칼,머리,5,,10,10.5
바람막이,머리,5,,10,10.5
전신 수영복,머리,5,,10,10.5
창고 (총 인벤토리,머리,200,,250),10.5
리본,머리,15,,16,10.5
머리띠,머리,14,,16,10.5
모자,머리,14,,16,10.5
팔찌,머리,14,,16,10.5
목장갑,머리,5,,10,10.5
망치,머리,5,,10,10.5
발터 PPK,머리,5,,10,10.5
페도로프 자동소총,머리,5,,10,10.5
슬리퍼,머리,5,,10,10.5
연못 (총 인벤토리,머리,192,,240),10.5
원석,머리,22,,23,10.5
리본,머리,16,,17,10.5
종이,머리,18,,19,10.5
대나무,머리,5,,10,10.5
양궁,머리,5,,10,10.5
석궁,머리,5,,10,10.5
전신 수영복,머리,5,,10,10.5
나막신,머리,5,,10,10.5
개울 (총 인벤토리,머리,192,,240),10.5
망치,머리,5,,10,10.5
양궁,머리,5,,10,10.5
셔츠,머리,5,,10,10.5
슬리퍼,머리,5,,10,10.5
모래사장 (총 인벤토리,머리,224,,280),10.5
원석,머리,22,,23,10.5
바람막이,머리,5,,10,10.5
야구공,머리,5,,10,10.5
쌍칼,머리,5,,10,10.5
단창,머리,5,,10,10.5
보급형 기타,머리,5,,10,10.5
전신 수영복,머리,5,,10,10.5
운동화,머리,5,,10,10.5
고급 주택가 (총 인벤토리,머리,224,,280),10.5
가위,머리,16,,18,10.5
팔찌,머리,15,,16,10.5
리본,머리,15,,17,10.5
라이터,머리,21,,23,10.5
옷감,머리,17,,18,10.5
손목시계,머리,15,,16,10.5
채찍,머리,5,,10,10.5
화승총,머리,5,,10,10.5
식칼,머리,5,,10,10.5
바늘,머리,5,,10,10.5
보급형 기타,머리,5,,10,10.5
가면,머리,5,,10,10.5
타이즈,머리,5,,10,10.5
골목길 (총 인벤토리,머리,192,,240),10.5
라이터,머리,19,,20,10.5
야구공,머리,5,,10,10.5
유리구슬,머리,5,,10,10.5
주유소 (총 인벤토리,머리,184,,230),10.5
자전거 헬멧,머리,15,,16,10.5
모자,머리,15,,16,10.5
목장갑,머리,5,,10,10.5
셔츠,머리,5,,10,10.5
호텔 (총 인벤토리,머리,232,,290),10.5
만년필,머리,14,,16,10.5
얼음,머리,10,,11,10.5
탄창,머리,5,,10,10.5
면도칼,머리,5,,10,10.5
발터 PPK,머리,5,,10,10.5
페도로프 자동소총,머리,5,,10,10.5
식칼,머리,5,,10,10.5
바늘,머리,5,,10,10.5
렌즈,머리,5,,10,10.5
경찰서 (총 인벤토리,머리,208,,260),10.5
라이터,머리,21,,23,10.5
리본,머리,16,,17,10.5
쌍안경,머리,6,,10,10.5
탄창,머리,6,,10,10.5
발터 PPK,머리,6,,10,10.5
페도로프 자동소총,머리,5,,10,10.5
화승총,머리,5,,10,10.5
쇠사슬,머리,5,,10,10.5
소방서 (총 인벤토리,머리,232,,290),10.5
만년필,머리,14,,15,10.5
목장갑,머리,5,,10,10.5
망치,머리,5,,10,10.5
화승총,머리,5,,10,10.5
손도끼,머리,5,,10,10.5
쌍칼,머리,5,,10,10.5
바늘,머리,5,,10,10.5
병원 (총 인벤토리,머리,208,,260),10.5
가위,머리,16,,17,10.5
고무,머리,15,,17,10.5
팔찌,머리,14,,16,10.5
면도칼,머리,5,,10,10.5
바늘,머리,5,,10,10.5
타이즈,머리,5,,10,10.5
절 (총 인벤토리,머리,224,,280),10.5
대나무,머리,5,,10,10.5
녹슨 검,머리,6,,10,10.5
쌍칼,머리,5,,10,10.5
단창,머리,5,,10,10.5
렌즈,머리,5,,10,10.5
유리구슬,머리,6,,10,10.5
승복,머리,6,,10,10.5
나막신,머리,6,,10,10.5
양궁장 (총 인벤토리,머리,224,,280),10.5
가위,머리,17,,19,10.5
유리병,머리,16,,18,10.5
실,머리,16,,18,10.5
쌍안경,머리,5,,10,10.5
대나무,머리,5,,10,10.5
단봉,머리,5,,10,10.5
채찍,머리,5,,10,10.5
양궁,머리,5,,10,10.5
석궁,머리,5,,10,10.5
녹슨 검,머리,5,,10,10.5
단창,머리,5,,10,10.5
승복,머리,5,,10,10.5
운동화,머리,5,,10,10.5
묘지 (총 인벤토리,머리,184,,230),10.5
단봉,머리,5,,10,10.5
채찍,머리,5,,10,10.5
쇠사슬,머리,5,,10,10.5
승복,머리,5,,10,10.5
숲 (총 인벤토리,머리,224,,280),10.5
라이터,머리,20,,21,10.5
쌍안경,머리,5,,10,10.5
대나무,머리,5,,10,10.5
석궁,머리,5,,10,10.5
손도끼,머리,5,,10,10.5
녹슨 검,머리,5,,10,10.5
타이즈,머리,5,,10,10.5
나막신,머리,5,,10,10.5
공장 (총 인벤토리,머리,272,,340),10.5
손목시계,머리,14,,15,10.5
자전거 헬멧,머리,14,,15,10.5
탄창,머리,5,,10,10.5
목장갑,머리,5,,10,10.5
망치,머리,5,,10,10.5
면도칼,머리,5,,10,10.5
발터 PPK,머리,5,,10,10.5
페도로프 자동소총,머리,5,,10,10.5
손도끼,머리,5,,10,10.5
단창,머리,5,,10,10.5
가면,머리,5,,10,10.5
운동화,머리,5,,10,10.5
성당 (총 인벤토리,머리,232,,290),10.5
트럼프 카드,머리,12,,14,10.5
분필,머리,12,,13,10.5
단봉,머리,5,,10,10.5
채찍,머리,5,,10,10.5
면도칼,머리,5,,10,10.5
양궁,머리,5,,10,10.5
화승총,머리,5,,10,10.5
손도끼,머리,5,,10,10.5
녹슨 검,머리,5,,10,10.5
보급형 기타,머리,5,,10,10.5
렌즈,머리,5,,10,10.5
유리구슬,머리,5,,10,10.5
셔츠,머리,5,,10,10.5
학교 (총 인벤토리,머리,256,,320),10.5
바람막이,머리,5,,10,10.5
단봉,머리,5,,10,10.5
야구공,머리,5,,10,10.5
식칼,머리,5,,10,10.5
보급형 기타,머리,5,,10,10.5
유리구슬,머리,5,,10,10.5
가면,머리,5,,10,10.5
슬리퍼,머리,5,,10,10.5
2레벨 인퓨전 - 가시 덤불,,치유 효과 감소,30%,40%,10.5
2레벨 인퓨전 - 견고,,방해 효과 저항 증가,40%,50%,10.5
2레벨 인퓨전 - 둔감,,치명타 피해를 받았을 때 받는 치명타 피해 감소,40%,50%,10.5
2레벨 인퓨전 - 둔감,,쿨다운,7초,1초,10.5
2레벨 인퓨전 - 라이프 백,,보호막 획득량,500,800,10.5
2레벨 인퓨전 - 라이프 백,,보호막이 유지되는 동안 이동 속도 증가,6%,8%,10.5
2레벨 인퓨전 - 불굴,,보호막량 (캐릭터 레벨*40),,(캐릭터 레벨*50),10.5
2레벨 인퓨전 - 수집가,,소지한 크레딧,10개 당 입히는 피해량 2% 증가,소지한 크레딧 5개 당 입히는 피해량 1% 증가,10.5
2레벨 인퓨전 - 수집가,,최대 중첩 수,7,50,10.5
3레벨 인퓨전 - 기동 타격대,,추가 피해량,250,300,10.5
3레벨 인퓨전 - 기동 타격대,,이동 속도 감소,50%,99%,10.5
3레벨 인퓨전 - 기동 타격대,,이동 속도 감소 지속 시간,3초,1초,10.5
3레벨 인퓨전 - 고귀한 희생,,에어본 지속 시간,1.5초,2초,10.5
3레벨 인퓨전 - 발키리 드라이브,,발동 조건 체력,20% 이하,25% 이하,10.5
3레벨 인퓨전 - 소생,,쿨다운 상태일 때 공격력 증가,35,40,10.5
3레벨 인퓨전 - 소생,,쿨다운 상태일 때 스킬 증폭 증가,60,70,10.5
3레벨 인퓨전 - 소생,,쿨다운,85초,60초,10.5
3레벨 인퓨전 - 시너지,궁극기 사용 시,기본 스킬 쿨다운 감소,70%,90%,10.5
3레벨 인퓨전 - 잠꾸러기,,발동 조건: 적에게 피해를 입지 않은지,4초 후,3초 후,10.5
3레벨 인퓨전 - 잠꾸러기,,체력 회복량 매 초 마다 잃은 체력의,18%,20%,10.5
가넷,방망이 사용 시,입히는 피해량,90%,94%,10.5
나딘,석궁 사용 시,입히는 피해량,88%,90%,10.5
나딘,활 사용 시,입히는 피해량,92%,95%,10.5
니아,권총 사용 시,입히는 피해량,89%,94%,10.5
다니엘,단검 사용 시,입히는 피해량,96%,98%,10.5
데비&마를렌,양손검 사용 시,입히는 피해량,94%,96%,10.5
띠아,방망이 사용 시,입히는 피해량,96%,100%,10.5
레온,글러브 사용 시,입히는 피해량,94%,100%,10.5
레온,톤파 사용 시,입히는 피해량,96%,100%,10.5
루크,방망이 사용 시,입히는 피해량,98%,100%,10.5
리 다이린,쌍절곤 사용 시,입히는 피해량,100%,102%,10.5
마이,채찍 사용 시,입히는 피해량,100%,104%,10.5
마커스,도끼 사용 시,입히는 피해량,98%,100%,10.5
마커스,,받는 피해량,102%,100%,10.5
마커스,망치 사용 시,입히는 피해량,100%,102%,10.5
매그너스,망치 사용 시,입히는 피해량,98%,100%,10.5
매그너스,,받는 피해량,102%,100%,10.5
미르카,망치 사용 시,입히는 피해량,96%,98%,10.5
바바라,권총 사용 시,입히는 피해량,84%,88%,10.5
블레어,쌍검 사용 시,입히는 피해량,100%,102%,10.5
셀린,투척 사용 시,입히는 피해량,87%,90%,10.5
쇼이치,단검 사용 시,입히는 피해량,94%,96%,10.5
시셀라,암기 사용 시,입히는 피해량,86%,89%,10.5
시셀라,투척 사용 시,입히는 피해량,86%,89%,10.5
아델라,방망이 사용 시,입히는 피해량,98%,100%,10.5
아드리아나,투척 사용 시,입히는 피해량,90%,93%,10.5
아비게일,도끼 사용 시,입히는 피해량,94%,98%,10.5
아야,권총 사용 시,입히는 피해량,86%,89%,10.5
아야,돌격소총 사용 시,입히는 피해량,88%,92%,10.5
아야,저격총 사용 시,입히는 피해량,84%,87%,10.5
아이솔,돌격소총 사용 시,입히는 피해량,86%,90%,10.5
아이솔,권총 사용 시,입히는 피해량,86%,88%,10.5
얀,톤파 사용 시,입히는 피해량,100%,104%,10.5
에이든,양손검 사용 시,입히는 피해량,98%,100%,10.5
엘레나,레이피어 사용 시,입히는 피해량,105%,107%,10.5
엠마,아르카나 사용 시,입히는 피해량,96%,98%,10.5
윌리엄,투척 사용 시,입히는 피해량,88%,90%,10.5
유민,아르카나 사용 시,입히는 피해량,92%,96%,10.5
일레븐,망치 사용 시,입히는 피해량,96%,100%,10.5
일레븐,,주는 회복 효과,80%,100%,10.5
자히르,투척 사용 시,입히는 피해량,94%,96%,10.5
자히르,암기 사용 시,입히는 피해량,92%,94%,10.5
재키,단검 사용 시,입히는 피해량,94%,98%,10.5
재키,양손검 사용 시,입히는 피해량,94%,98%,10.5
재키,도끼 사용 시,입히는 피해량,100%,104%,10.5
재키,쌍검 사용 시,입히는 피해량,96%,100%,10.5
클로에,암기 사용 시,입히는 피해량,88%,90%,10.5
키아라,레이피어 사용 시,입히는 피해량,98%,102%,10.5
테오도르,저격총 사용 시,입히는 피해량,88%,92%,10.5
펜리르,글러브 사용 시,입히는 피해량,95%,100%,10.5
헤이즈,돌격소총 사용 시,입히는 피해량,88%,91%,10.5
헨리,암기 사용 시,입히는 피해량,92%,96%,10.5
현우,글러브 사용 시,입히는 피해량,96%,98%,10.5
히스이,양손검 사용 시,입히는 피해량,96%,100%,10.5
미스릴 퀴버,,공격력,35,30,10.4c
